code,name_en,name_cz,region_A_en,region_A_cz,region_B_en,region_B_cz,region_C_en,region_C_cz,region_WB_en,continent_en,continent_cz
ABW,Aruba,Aruba,South/Latin America,Jižní Amerika,South/Latin America (others),Jižní a Střední Amerika (ostatní),South/Latin America (others),Jižní a Střední Amerika (ostatní),Latin America & Caribbean,South and Latin America,Jižní a Střední Amerika
AFG,Afghanistan,Afghánistán,Asia & Pacific (except China and India),Asie a Oceánie (mimo Čínu a Indii),Asia B,Asie B,Asia (others),Asie (ostatní),South Asia,Asia,Asie
AGO,Angola,Angola,Africa,Afrika,Africa (others),Afrika (ostatní),Africa (others),Afrika (ostatní),Sub-Saharan Africa,Africa,Afrika
AIA,Anguilla,Anguilla,South/Latin America,Jižní Amerika,South/Latin America (others),Jižní a Střední Amerika (ostatní),South/Latin America (others),Jižní a Střední Amerika (ostatní),,South and Latin America,Jižní a Střední Amerika
ALA,Åland Islands,Alandy,,,,,,,,,
ALB,Albania,Albánie,Europe (except EU and Russia),Evropa (mimo EU a Rusko),Europe B,Evropa B,Europe (others),Evropa (ostatní),Europe & Central Asia,Europe,Evropa
AND,Andorra,Andorra,Europe (except EU and Russia),Evropa (mimo EU a Rusko),Europe B,Evropa B,Europe (others),Evropa (ostatní),Europe & Central Asia,Europe,Evropa
ARE,United Arab Emirates,Spojené arabské emiráty,Asia & Pacific (except China and India),Asie a Oceánie (mimo Čínu a Indii),Middle East A,Blízký východ A,Middle East,Blízký východ,Middle East & North Africa,Asia,Asie
ARG,Argentina,Argentina,South/Latin America,Jižní Amerika,South/Latin America (others),Jižní a Střední Amerika (ostatní),South/Latin America (others),Jižní a Střední Amerika (ostatní),Latin America & Caribbean,South and Latin America,Jižní a Střední Amerika
ARM,Armenia,Arménie,Europe (except EU and Russia),Evropa (mimo EU a Rusko),Europe B,Evropa B,Europe (others),Evropa (ostatní),Europe & Central Asia,Europe,Evropa
ASM,American Samoa,Americká Samoa,Asia & Pacific (except China and India),Asie a Oceánie (mimo Čínu a Indii),Asia B,Asie B,Asia (others),Asie (ostatní),East Asia & Pacific,Asia,Asie
ATA,Antarctica,Antarktida,Asia & Pacific (except China and India),Asie a Oceánie (mimo Čínu a Indii),Asia B,Asie B,Asia (others),Asie (ostatní),,Asia,Asie
ATF,French Southern Territories,Francouzská jižní a antarktická území,Asia & Pacific (except China and India),Asie a Oceánie (mimo Čínu a Indii),Asia B,Asie B,Asia (others),Asie (ostatní),,Asia,Asie
ATG,Antigua and Barbuda,Antigua a Barbuda,South/Latin America,Jižní Amerika,South/Latin America (others),Jižní a Střední Amerika (ostatní),South/Latin America (others),Jižní a Střední Amerika (ostatní),Latin America & Caribbean,South and Latin America,Jižní a Střední Amerika
AUS,Australia,Austrálie,Australia and New Zealand,Austrálie a Nový Zéland,Australia and New Zealand,Austrálie a Nový Zéland,Australia and New Zealand,Austrálie a Nový Zéland,East Asia & Pacific,Australia and New Zealand,Austrálie a Nový Zéland
AUT,Austria,Rakousko,European Union,Evropská unie,Europe B,Evropa B,Europe (others),Evropa (ostatní),Europe & Central Asia,Europe,Evropa
AZE,Azerbaijan,Ázerbájdžán,Asia & Pacific (except China and India),Asie a Oceánie (mimo Čínu a Indii),Asia B,Asie B,Asia (others),Asie (ostatní),Europe & Central Asia,Asia,Asie
BDI,Burundi,Burundi,Africa,Afrika,Africa (others),Afrika (ostatní),Africa (others),Afrika (ostatní),Sub-Saharan Africa,Africa,Afrika
BEL,Belgium,Belgie,European Union,Evropská unie,Europe B,Evropa B,Europe (others),Evropa (ostatní),Europe & Central Asia,Europe,Evropa
BEN,Benin,Benin,Africa,Afrika,Africa (others),Afrika (ostatní),Africa (others),Afrika (ostatní),Sub-Saharan Africa,Africa,Afrika
BES,"Bonaire, Sint Eustatius and Saba","Bonaire, Svatý Eustach a Saba",,,,,,,,,
BFA,Burkina Faso,Burkina Faso,Africa,Afrika,Africa (others),Afrika (ostatní),Africa (others),Afrika (ostatní),Sub-Saharan Africa,Africa,Afrika
BGD,Bangladesh,Bangladéš,Asia & Pacific (except China and India),Asie a Oceánie (mimo Čínu a Indii),Asia B,Asie B,Asia (others),Asie (ostatní),South Asia,Asia,Asie
BGR,Bulgaria,Bulharsko,European Union,Evropská unie,Europe B,Evropa B,Europe (others),Evropa (ostatní),Europe & Central Asia,Europe,Evropa
BHR,Bahrain,Bahrajn,Asia & Pacific (except China and India),Asie a Oceánie (mimo Čínu a Indii),Middle East A,Blízký východ A,Middle East,Blízký východ,Middle East & North Africa,Asia,Asie
BHS,Bahamas,Bahamy,South/Latin America,Jižní Amerika,South/Latin America (others),Jižní a Střední Amerika (ostatní),South/Latin America (others),Jižní a Střední Amerika (ostatní),Latin America & Caribbean,South and Latin America,Jižní a Střední Amerika
BIH,Bosnia and Herzegovina,Bosna a Hercegovina,Europe (except EU and Russia),Evropa (mimo EU a Rusko),Europe B,Evropa B,Europe (others),Evropa (ostatní),Europe & Central Asia,Europe,Evropa
BLM,Saint Barthélemy,Svatý Bartoloměj,South/Latin America,Jižní Amerika,South/Latin America (others),Jižní a Střední Amerika (ostatní),South/Latin America (others),Jižní a Střední Amerika (ostatní),,South and Latin America,Jižní a Střední Amerika
BLR,Belarus,Bělorusko,Europe (except EU and Russia),Evropa (mimo EU a Rusko),Europe A,Evropa A,Europe (others),Evropa (ostatní),Europe & Central Asia,Europe,Evropa
BLZ,Belize,Belize,South/Latin America,Jižní Amerika,South/Latin America (others),Jižní a Střední Amerika (ostatní),South/Latin America (others),Jižní a Střední Amerika (ostatní),Latin America & Caribbean,South and Latin America,Jižní a Střední Amerika
BMU,Bermuda,Bermudy,North America (except US),Severní Amerika (mimo USA),,,,,North America,,
BOL,"Bolivia, Plurinational State of",Bolívie,South/Latin America,Jižní Amerika,South/Latin America (others),Jižní a Střední Amerika (ostatní),South/Latin America (others),Jižní a Střední Amerika (ostatní),Latin America & Caribbean,South and Latin America,Jižní a Střední Amerika
BRA,Brazil,Brazílie,South/Latin America,Jižní Amerika,Brazil,Brazílie,Brazil,Brazílie,Latin America & Caribbean,South and Latin America,Jižní a Střední Amerika
BRB,Barbados,Barbados,South/Latin America,Jižní Amerika,South/Latin America (others),Jižní a Střední Amerika (ostatní),South/Latin America (others),Jižní a Střední Amerika (ostatní),Latin America & Caribbean,South and Latin America,Jižní a Střední Amerika
BRN,Brunei Darussalam,Brunej,Asia & Pacific (except China and India),Asie a Oceánie (mimo Čínu a Indii),Asia A,Asie A,Asia (others),Asie (ostatní),East Asia & Pacific,Asia,Asie
BTN,Bhutan,Bhútán,Asia & Pacific (except China and India),Asie a Oceánie (mimo Čínu a Indii),Asia B,Asie B,Asia (others),Asie (ostatní),South Asia,Asia,Asie
BVT,Bouvet Island,Bouvetův ostrov,South/Latin America,Jižní Amerika,South/Latin America (others),Jižní a Střední Amerika (ostatní),South/Latin America (others),Jižní a Střední Amerika (ostatní),,South and Latin America,Jižní a Střední Amerika
BWA,Botswana,Botswana,Africa,Afrika,Africa (others),Afrika (ostatní),Africa (others),Afrika (ostatní),Sub-Saharan Africa,Africa,Afrika
CAF,Central African Republic,Středoafrická republika,Africa,Afrika,Africa (others),Afrika (ostatní),Africa (others),Afrika (ostatní),Sub-Saharan Africa,Africa,Afrika
CAN,Canada,Kanada,North America (except US),Severní Amerika (mimo USA),Canada,Kanada,Canada,Kanada,North America,North America,Severní Amerika
CCK,Cocos (Keeling) Islands,Kokosové (Keelingovy) ostrovy,Asia & Pacific (except China and India),Asie a Oceánie (mimo Čínu a Indii),Asia B,Asie B,Asia (others),Asie (ostatní),,Asia,Asie
CHE,Switzerland,Švýcarsko,Europe (except EU and Russia),Evropa (mimo EU a Rusko),Europe B,Evropa B,Europe (others),Evropa (ostatní),Europe & Central Asia,Europe,Evropa
CHL,Chile,Chile,South/Latin America,Jižní Amerika,South/Latin America (others),Jižní a Střední Amerika (ostatní),South/Latin America (others),Jižní a Střední Amerika (ostatní),Latin America & Caribbean,South and Latin America,Jižní a Střední Amerika
CHN,China,Čína,China,Čína,China,Čína,China,Čína,East Asia & Pacific,Asia,Asie
CIV,Côte d'Ivoire,Pobřeží slonoviny,Africa,Afrika,Africa (others),Afrika (ostatní),Africa (others),Afrika (ostatní),Sub-Saharan Africa,Africa,Afrika
CMR,Cameroon,Kamerun,Africa,Afrika,Africa (others),Afrika (ostatní),Africa (others),Afrika (ostatní),Sub-Saharan Africa,Africa,Afrika
COD,"Congo, Democratic Republic of the",Konžská demokratická republika,Africa,Afrika,Africa (others),Afrika (ostatní),Africa (others),Afrika (ostatní),Sub-Saharan Africa,Africa,Afrika
COG,Congo,Konžská republika,Africa,Afrika,Africa (others),Afrika (ostatní),Africa (others),Afrika (ostatní),Sub-Saharan Africa,Africa,Afrika
COK,Cook Islands,Cookovy ostrovy,Asia & Pacific (except China and India),Asie a Oceánie (mimo Čínu a Indii),Asia B,Asie B,Asia (others),Asie (ostatní),,Asia,Asie
COL,Colombia,Kolumbie,South/Latin America,Jižní Amerika,South/Latin America (others),Jižní a Střední Amerika (ostatní),South/Latin America (others),Jižní a Střední Amerika (ostatní),Latin America & Caribbean,South and Latin America,Jižní a Střední Amerika
COM,Comoros,Komory,Africa,Afrika,Africa (others),Afrika (ostatní),Africa (others),Afrika (ostatní),Sub-Saharan Africa,Africa,Afrika
CPV,Cabo Verde,Kapverdy,Africa,Afrika,Africa (others),Afrika (ostatní),Africa (others),Afrika (ostatní),Sub-Saharan Africa,Africa,Afrika
CRI,Costa Rica,Kostarika,South/Latin America,Jižní Amerika,South/Latin America (others),Jižní a Střední Amerika (ostatní),South/Latin America (others),Jižní a Střední Amerika (ostatní),Latin America & Caribbean,South and Latin America,Jižní a Střední Amerika
CUB,Cuba,Kuba,South/Latin America,Jižní Amerika,South/Latin America (others),Jižní a Střední Amerika (ostatní),South/Latin America (others),Jižní a Střední Amerika (ostatní),Latin America & Caribbean,South and Latin America,Jižní a Střední Amerika
CUW,Curaçao,Curaçao,South/Latin America,Jižní Amerika,South/Latin America (others),Jižní a Střední Amerika (ostatní),South/Latin America (others),Jižní a Střední Amerika (ostatní),Latin America & Caribbean,South and Latin America,Jižní a Střední Amerika
CXR,Christmas Island,Vánoční ostrov,Asia & Pacific (except China and India),Asie a Oceánie (mimo Čínu a Indii),Asia B,Asie B,Asia (others),Asie (ostatní),,Asia,Asie
CYM,Cayman Islands,Kajmanské ostrovy,South/Latin America,Jižní Amerika,South/Latin America (others),Jižní a Střední Amerika (ostatní),South/Latin America (others),Jižní a Střední Amerika (ostatní),Latin America & Caribbean,South and Latin America,Jižní a Střední Amerika
CYP,Cyprus,Kypr,European Union,Evropská unie,Europe B,Evropa B,Europe (others),Evropa (ostatní),Europe & Central Asia,Europe,Evropa
CZE,Czechia,Česko,European Union,Evropská unie,Czechia,Česko,Czechia,Česko,Europe & Central Asia,Europe,Evropa
DEU,Germany,Německo,European Union,Evropská unie,Germany,Německo,Germany,Německo,Europe & Central Asia,Europe,Evropa
DJI,Djibouti,Džibutsko,Africa,Afrika,Africa (others),Afrika (ostatní),Africa (others),Afrika (ostatní),Middle East & North Africa,Africa,Afrika
DMA,Dominica,Dominika,South/Latin America,Jižní Amerika,South/Latin America (others),Jižní a Střední Amerika (ostatní),South/Latin America (others),Jižní a Střední Amerika (ostatní),Latin America & Caribbean,South and Latin America,Jižní a Střední Amerika
DNK,Denmark,Dánsko,European Union,Evropská unie,Europe B,Evropa B,Europe (others),Evropa (ostatní),Europe & Central Asia,Europe,Evropa
DOM,Dominican Republic,Dominikánská republika,South/Latin America,Jižní Amerika,South/Latin America (others),Jižní a Střední Amerika (ostatní),South/Latin America (others),Jižní a Střední Amerika (ostatní),Latin America & Caribbean,South and Latin America,Jižní a Střední Amerika
DZA,Algeria,Alžírsko,Africa,Afrika,Africa (others),Afrika (ostatní),Africa (others),Afrika (ostatní),Middle East & North Africa,Africa,Afrika
ECU,Ecuador,Ekvádor,South/Latin America,Jižní Amerika,South/Latin America (others),Jižní a Střední Amerika (ostatní),South/Latin America (others),Jižní a Střední Amerika (ostatní),Latin America & Caribbean,South and Latin America,Jižní a Střední Amerika
EGY,Egypt,Egypt,Africa,Afrika,Egypt,Egypt,Egypt,Egypt,Middle East & North Africa,Africa,Afrika
ERI,Eritrea,Eritrea,Africa,Afrika,Africa (others),Afrika (ostatní),Africa (others),Afrika (ostatní),Sub-Saharan Africa,Africa,Afrika
ESH,Western Sahara,Západní Sahara,Africa,Afrika,Africa (others),Afrika (ostatní),Africa (others),Afrika (ostatní),,Africa,Afrika
ESP,Spain,Španělsko,European Union,Evropská unie,Spain,Španělsko,Spain,Španělsko,Europe & Central Asia,Europe,Evropa
EST,Estonia,Estonsko,European Union,Evropská unie,Europe A,Evropa A,Europe (others),Evropa (ostatní),Europe & Central Asia,Europe,Evropa
ETH,Ethiopia,Etiopie,Africa,Afrika,Ethiopia,Etiopie,Ethiopia,Etiopie,Sub-Saharan Africa,Africa,Afrika
FIN,Finland,Finsko,European Union,Evropská unie,Europe A,Evropa A,Europe (others),Evropa (ostatní),Europe & Central Asia,Europe,Evropa
FJI,Fiji,Fidži,Asia & Pacific (except China and India),Asie a Oceánie (mimo Čínu a Indii),Asia B,Asie B,Asia (others),Asie (ostatní),East Asia & Pacific,Asia,Asie
FLK,Falkland Islands (Malvinas),Falklandy (Malvíny),South/Latin America,Jižní Amerika,South/Latin America (others),Jižní a Střední Amerika (ostatní),South/Latin America (others),Jižní a Střední Amerika (ostatní),,South and Latin America,Jižní a Střední Amerika
FRA,France,Francie,European Union,Evropská unie,France,Francie,France,Francie,Europe & Central Asia,Europe,Evropa
FRO,Faroe Islands,Faerské ostrovy,Europe (except EU and Russia),Evropa (mimo EU a Rusko),Europe B,Evropa B,Europe (others),Evropa (ostatní),Europe & Central Asia,Europe,Evropa
FSM,"Micronesia, Federated States of",Mikronésie,Asia & Pacific (except China and India),Asie a Oceánie (mimo Čínu a Indii),Asia B,Asie B,Asia (others),Asie (ostatní),East Asia & Pacific,Asia,Asie
GAB,Gabon,Gabon,Africa,Afrika,Africa (others),Afrika (ostatní),Africa (others),Afrika (ostatní),Sub-Saharan Africa,Africa,Afrika
GBR,United Kingdom of Great Britain and Northern Ireland,Velká Británie,European Union,Evropská unie,United Kingdom,Velká Británie,United Kingdom,Velká Británie,Europe & Central Asia,Europe,Evropa
GEO,Georgia,Gruzie,Europe (except EU and Russia),Evropa (mimo EU a Rusko),Europe B,Evropa B,Europe (others),Evropa (ostatní),Europe & Central Asia,Europe,Evropa
GGY,Guernsey,Guernsey,Europe (except EU and Russia),Evropa (mimo EU a Rusko),Europe B,Evropa B,Europe (others),Evropa (ostatní),,Europe,Evropa
GHA,Ghana,Ghana,Africa,Afrika,Africa (others),Afrika (ostatní),Africa (others),Afrika (ostatní),Sub-Saharan Africa,Africa,Afrika
GIB,Gibraltar,Gibraltar,Europe (except EU and Russia),Evropa (mimo EU a Rusko),Europe A,Evropa A,Europe (others),Evropa (ostatní),Europe & Central Asia,Europe,Evropa
GIN,Guinea,Guinea,Africa,Afrika,Africa (others),Afrika (ostatní),Africa (others),Afrika (ostatní),Sub-Saharan Africa,Africa,Afrika
GLP,Guadeloupe,Guadeloupe,South/Latin America,Jižní Amerika,South/Latin America (others),Jižní a Střední Amerika (ostatní),South/Latin America (others),Jižní a Střední Amerika (ostatní),,South and Latin America,Jižní a Střední Amerika
GMB,Gambia,Gambie,Africa,Afrika,Africa (others),Afrika (ostatní),Africa (others),Afrika (ostatní),Sub-Saharan Africa,Africa,Afrika
GNB,Guinea-Bissau,Guinea-Bissau,Africa,Afrika,Africa (others),Afrika (ostatní),Africa (others),Afrika (ostatní),Sub-Saharan Africa,Africa,Afrika
GNQ,Equatorial Guinea,Rovníková Guinea,Africa,Afrika,Africa (others),Afrika (ostatní),Africa (others),Afrika (ostatní),Sub-Saharan Africa,Africa,Afrika
GRC,Greece,Řecko,European Union,Evropská unie,Europe B,Evropa B,Europe (others),Evropa (ostatní),Europe & Central Asia,Europe,Evropa
GRD,Grenada,Grenada,South/Latin America,Jižní Amerika,South/Latin America (others),Jižní a Střední Amerika (ostatní),South/Latin America (others),Jižní a Střední Amerika (ostatní),Latin America & Caribbean,South and Latin America,Jižní a Střední Amerika
GRL,Greenland,Grónsko,Europe (except EU and Russia),Evropa (mimo EU a Rusko),Europe B,Evropa B,Europe (others),Evropa (ostatní),Europe & Central Asia,Europe,Evropa
GTM,Guatemala,Guatemala,South/Latin America,Jižní Amerika,South/Latin America (others),Jižní a Střední Amerika (ostatní),South/Latin America (others),Jižní a Střední Amerika (ostatní),Latin America & Caribbean,South and Latin America,Jižní a Střední Amerika
GUF,French Guiana,Francouzská Guyana,South/Latin America,Jižní Amerika,South/Latin America (others),Jižní a Střední Amerika (ostatní),South/Latin America (others),Jižní a Střední Amerika (ostatní),,South and Latin America,Jižní a Střední Amerika
GUM,Guam,Guam,Asia & Pacific (except China and India),Asie a Oceánie (mimo Čínu a Indii),Asia B,Asie B,Asia (others),Asie (ostatní),East Asia & Pacific,Asia,Asie
GUY,Guyana,Guyana,South/Latin America,Jižní Amerika,South/Latin America (others),Jižní a Střední Amerika (ostatní),South/Latin America (others),Jižní a Střední Amerika (ostatní),Latin America & Caribbean,South and Latin America,Jižní a Střední Amerika
HKG,Hong Kong,Hongkong,Asia & Pacific (except China and India),Asie a Oceánie (mimo Čínu a Indii),China,Čína,China,Čína,East Asia & Pacific,Asia,Asie
HMD,Heard Island and McDonald Islands,Heardův ostrov a MacDonaldovy ostrovy,Asia & Pacific (except China and India),Asie a Oceánie (mimo Čínu a Indii),Asia B,Asie B,Asia (others),Asie (ostatní),,Asia,Asie
HND,Honduras,Honduras,South/Latin America,Jižní Amerika,South/Latin America (others),Jižní a Střední Amerika (ostatní),South/Latin America (others),Jižní a Střední Amerika (ostatní),Latin America & Caribbean,South and Latin America,Jižní a Střední Amerika
HRV,Croatia,Chorvatsko,European Union,Evropská unie,Europe B,Evropa B,Europe (others),Evropa (ostatní),Europe & Central Asia,Europe,Evropa
HTI,Haiti,Haiti,South/Latin America,Jižní Amerika,South/Latin America (others),Jižní a Střední Amerika (ostatní),South/Latin America (others),Jižní a Střední Amerika (ostatní),Latin America & Caribbean,South and Latin America,Jižní a Střední Amerika
HUN,Hungary,Maďarsko,European Union,Evropská unie,Europe B,Evropa B,Europe (others),Evropa (ostatní),Europe & Central Asia,Europe,Evropa
IDN,Indonesia,Indonésie,Asia & Pacific (except China and India),Asie a Oceánie (mimo Čínu a Indii),Indonesia,Indonésie,Indonesia,Indonésie,East Asia & Pacific,Asia,Asie
IMN,Isle of Man,Man,Europe (except EU and Russia),Evropa (mimo EU a Rusko),Europe B,Evropa B,Europe (others),Evropa (ostatní),Europe & Central Asia,Europe,Evropa
IND,India,Indie,India,Indie,India,Indie,India,Indie,South Asia,Asia,Asie
IOT,British Indian Ocean Territory,Britské indickooceánské území,Asia & Pacific (except China and India),Asie a Oceánie (mimo Čínu a Indii),Asia B,Asie B,Asia (others),Asie (ostatní),,Asia,Asie
IRL,Ireland,Irsko,European Union,Evropská unie,Europe A,Evropa A,Europe (others),Evropa (ostatní),Europe & Central Asia,Europe,Evropa
IRN,"Iran, Islamic Republic of",Írán,Asia & Pacific (except China and India),Asie a Oceánie (mimo Čínu a Indii),Iran,Írán,Iran,Írán,Middle East & North Africa,Asia,Asie
IRQ,Iraq,Irák,Asia & Pacific (except China and India),Asie a Oceánie (mimo Čínu a Indii),Iraq,Irák,Iraq,Irák,Middle East & North Africa,Asia,Asie
ISL,Iceland,Island,Europe (except EU and Russia),Evropa (mimo EU a Rusko),Europe A,Evropa A,Europe (others),Evropa (ostatní),Europe & Central Asia,Europe,Evropa
ISR,Israel,Izrael,Europe (except EU and Russia),Evropa (mimo EU a Rusko),Middle East B,Blízký východ B,Middle East,Blízký východ,Middle East & North Africa,Asia,Asie
ITA,Italy,Itálie,European Union,Evropská unie,Italy,Itálie,Italy,Itálie,Europe & Central Asia,Europe,Evropa
JAM,Jamaica,Jamajka,South/Latin America,Jižní Amerika,South/Latin America (others),Jižní a Střední Amerika (ostatní),South/Latin America (others),Jižní a Střední Amerika (ostatní),Latin America & Caribbean,South and Latin America,Jižní a Střední Amerika
JEY,Jersey,Jersey,Europe (except EU and Russia),Evropa (mimo EU a Rusko),Europe B,Evropa B,Europe (others),Evropa (ostatní),,Europe,Evropa
JOR,Jordan,Jordánsko,Asia & Pacific (except China and India),Asie a Oceánie (mimo Čínu a Indii),Middle East B,Blízký východ B,Middle East,Blízký východ,Middle East & North Africa,Asia,Asie
JPN,Japan,Japonsko,Asia & Pacific (except China and India),Asie a Oceánie (mimo Čínu a Indii),Japan,Japonsko,Japan,Japonsko,East Asia & Pacific,Asia,Asie
KAZ,Kazakhstan,Kazachstán,Asia & Pacific (except China and India),Asie a Oceánie (mimo Čínu a Indii),Kazakhstan and Turkmenistan,Kazachstán a Turkmenistán,Kazakhstan and Turkmenistan,Kazachstán a Turkmenistán,Europe & Central Asia,Asia,Asie
KEN,Kenya,Keňa,Africa,Afrika,Africa (others),Afrika (ostatní),Africa (others),Afrika (ostatní),Sub-Saharan Africa,Africa,Afrika
KGZ,Kyrgyzstan,Kyrgyzstán,Asia & Pacific (except China and India),Asie a Oceánie (mimo Čínu a Indii),Asia B,Asie B,Asia (others),Asie (ostatní),Europe & Central Asia,Asia,Asie
KHM,Cambodia,Kambodža,Asia & Pacific (except China and India),Asie a Oceánie (mimo Čínu a Indii),Asia B,Asie B,Asia (others),Asie (ostatní),East Asia & Pacific,Asia,Asie
KIR,Kiribati,Kiribati,Asia & Pacific (except China and India),Asie a Oceánie (mimo Čínu a Indii),Asia B,Asie B,Asia (others),Asie (ostatní),East Asia & Pacific,Asia,Asie
KNA,Saint Kitts and Nevis,Svatý Kryštof a Nevis,South/Latin America,Jižní Amerika,South/Latin America (others),Jižní a Střední Amerika (ostatní),South/Latin America (others),Jižní a Střední Amerika (ostatní),Latin America & Caribbean,South and Latin America,Jižní a Střední Amerika
KOR,"Korea, Republic of",Korejská republika,Asia & Pacific (except China and India),Asie a Oceánie (mimo Čínu a Indii),South Korea,Jižní Korea,South Korea,Jižní Korea,East Asia & Pacific,Asia,Asie
KWT,Kuwait,Kuvajt,Asia & Pacific (except China and India),Asie a Oceánie (mimo Čínu a Indii),Middle East A,Blízký východ A,Middle East,Blízký východ,Middle East & North Africa,Asia,Asie
LAO,Lao People's Democratic Republic,Laos,Asia & Pacific (except China and India),Asie a Oceánie (mimo Čínu a Indii),Asia B,Asie B,Asia (others),Asie (ostatní),East Asia & Pacific,Asia,Asie
LBN,Lebanon,Libanon,Asia & Pacific (except China and India),Asie a Oceánie (mimo Čínu a Indii),Middle East B,Blízký východ B,Middle East,Blízký východ,Middle East & North Africa,Asia,Asie
LBR,Liberia,Libérie,Africa,Afrika,Africa (others),Afrika (ostatní),Africa (others),Afrika (ostatní),Sub-Saharan Africa,Africa,Afrika
LBY,Libya,Libye,Africa,Afrika,Libya,Libye,Libya,Libye,Middle East & North Africa,Africa,Afrika
LCA,Saint Lucia,Svatá Lucie,South/Latin America,Jižní Amerika,South/Latin America (others),Jižní a Střední Amerika (ostatní),South/Latin America (others),Jižní a Střední Amerika (ostatní),Latin America & Caribbean,South and Latin America,Jižní a Střední Amerika
LIE,Liechtenstein,Lichtenštejnsko,Europe (except EU and Russia),Evropa (mimo EU a Rusko),Europe B,Evropa B,Europe (others),Evropa (ostatní),Europe & Central Asia,Europe,Evropa
LKA,Sri Lanka,Šrí Lanka,Asia & Pacific (except China and India),Asie a Oceánie (mimo Čínu a Indii),Asia B,Asie B,Asia (others),Asie (ostatní),South Asia,Asia,Asie
LSO,Lesotho,Lesotho,Africa,Afrika,Africa (others),Afrika (ostatní),Africa (others),Afrika (ostatní),Sub-Saharan Africa,Africa,Afrika
LTU,Lithuania,Litva,European Union,Evropská unie,Europe B,Evropa B,Europe (others),Evropa (ostatní),Europe & Central Asia,Europe,Evropa
LUX,Luxembourg,Lucembursko,European Union,Evropská unie,Europe A,Evropa A,Europe (others),Evropa (ostatní),Europe & Central Asia,Europe,Evropa
LVA,Latvia,Lotyšsko,European Union,Evropská unie,Europe B,Evropa B,Europe (others),Evropa (ostatní),Europe & Central Asia,Europe,Evropa
MAC,Macao,Macao,Asia & Pacific (except China and India),Asie a Oceánie (mimo Čínu a Indii),Asia B,Asie B,Asia (others),Asie (ostatní),East Asia & Pacific,Asia,Asie
MAF,Saint Martin (French part),Svatý Martin (FR),South/Latin America,Jižní Amerika,South/Latin America (others),Jižní a Střední Amerika (ostatní),South/Latin America (others),Jižní a Střední Amerika (ostatní),Latin America & Caribbean,South and Latin America,Jižní a Střední Amerika
MAR,Morocco,Maroko,Africa,Afrika,Africa (others),Afrika (ostatní),Africa (others),Afrika (ostatní),Middle East & North Africa,Africa,Afrika
MCO,Monaco,Monako,Europe (except EU and Russia),Evropa (mimo EU a Rusko),Europe B,Evropa B,Europe (others),Evropa (ostatní),Europe & Central Asia,Europe,Evropa
MDA,"Moldova, Republic of",Moldavsko,Europe (except EU and Russia),Evropa (mimo EU a Rusko),Europe B,Evropa B,Europe (others),Evropa (ostatní),Europe & Central Asia,Europe,Evropa
MDG,Madagascar,Madagaskar,Africa,Afrika,Africa (others),Afrika (ostatní),Africa (others),Afrika (ostatní),Sub-Saharan Africa,Africa,Afrika
MDV,Maldives,Maledivy,Asia & Pacific (except China and India),Asie a Oceánie (mimo Čínu a Indii),Asia B,Asie B,Asia (others),Asie (ostatní),South Asia,Asia,Asie
MEX,Mexico,Mexiko,South/Latin America,Jižní Amerika,Mexico,Mexiko,Mexico,Mexiko,Latin America & Caribbean,South and Latin America,Jižní a Střední Amerika
MHL,Marshall Islands,Marshallovy ostrovy,Asia & Pacific (except China and India),Asie a Oceánie (mimo Čínu a Indii),Asia B,Asie B,Asia (others),Asie (ostatní),East Asia & Pacific,Asia,Asie
MKD,North Macedonia,Severní Makedonie,Europe (except EU and Russia),Evropa (mimo EU a Rusko),Europe B,Evropa B,Europe (others),Evropa (ostatní),Europe & Central Asia,Europe,Evropa
MLI,Mali,Mali,Africa,Afrika,Africa (others),Afrika (ostatní),Africa (others),Afrika (ostatní),Sub-Saharan Africa,Africa,Afrika
MLT,Malta,Malta,European Union,Evropská unie,Europe B,Evropa B,Europe (others),Evropa (ostatní),Middle East & North Africa,Europe,Evropa
MMR,Myanmar,Myanmar,Asia & Pacific (except China and India),Asie a Oceánie (mimo Čínu a Indii),Asia B,Asie B,Asia (others),Asie (ostatní),East Asia & Pacific,Asia,Asie
MNE,Montenegro,Černá Hora,Europe (except EU and Russia),Evropa (mimo EU a Rusko),Europe B,Evropa B,Europe (others),Evropa (ostatní),Europe & Central Asia,Europe,Evropa
MNG,Mongolia,Mongolsko,Asia & Pacific (except China and India),Asie a Oceánie (mimo Čínu a Indii),Asia A,Asie A,Asia (others),Asie (ostatní),East Asia & Pacific,Asia,Asie
MNP,Northern Mariana Islands,Severní Mariany,Asia & Pacific (except China and India),Asie a Oceánie (mimo Čínu a Indii),Asia B,Asie B,Asia (others),Asie (ostatní),East Asia & Pacific,Asia,Asie
MOZ,Mozambique,Mosambik,Africa,Afrika,Africa (others),Afrika (ostatní),Africa (others),Afrika (ostatní),Sub-Saharan Africa,Africa,Afrika
MRT,Mauritania,Mauritánie,Africa,Afrika,Africa (others),Afrika (ostatní),Africa (others),Afrika (ostatní),Sub-Saharan Africa,Africa,Afrika
MSR,Montserrat,Montserrat,South/Latin America,Jižní Amerika,South/Latin America (others),Jižní a Střední Amerika (ostatní),South/Latin America (others),Jižní a Střední Amerika (ostatní),,South and Latin America,Jižní a Střední Amerika
MTQ,Martinique,Martinik,South/Latin America,Jižní Amerika,South/Latin America (others),Jižní a Střední Amerika (ostatní),South/Latin America (others),Jižní a Střední Amerika (ostatní),,South and Latin America,Jižní a Střední Amerika
MUS,Mauritius,Mauricius,Africa,Afrika,Africa (others),Afrika (ostatní),Africa (others),Afrika (ostatní),Sub-Saharan Africa,Africa,Afrika
MWI,Malawi,Malawi,Africa,Afrika,Africa (others),Afrika (ostatní),Africa (others),Afrika (ostatní),Sub-Saharan Africa,Africa,Afrika
MYS,Malaysia,Malajsie,Asia & Pacific (except China and India),Asie a Oceánie (mimo Čínu a Indii),Asia A,Asie A,Asia (others),Asie (ostatní),East Asia & Pacific,Asia,Asie
MYT,Mayotte,Mayotte,Africa,Afrika,Africa (others),Afrika (ostatní),Africa (others),Afrika (ostatní),,Africa,Afrika
NAM,Namibia,Namibie,Africa,Afrika,Africa (others),Afrika (ostatní),Africa (others),Afrika (ostatní),Sub-Saharan Africa,Africa,Afrika
NCL,New Caledonia,Nová Kaledonie,Asia & Pacific (except China and India),Asie a Oceánie (mimo Čínu a Indii),Asia A,Asie A,Asia (others),Asie (ostatní),East Asia & Pacific,Asia,Asie
NER,Niger,Niger,Africa,Afrika,Africa (others),Afrika (ostatní),Africa (others),Afrika (ostatní),Sub-Saharan Africa,Africa,Afrika
NFK,Norfolk Island,Norfolk,Asia & Pacific (except China and India),Asie a Oceánie (mimo Čínu a Indii),Asia B,Asie B,Asia (others),Asie (ostatní),,Asia,Asie
NGA,Nigeria,Nigérie,Africa,Afrika,Nigeria,Nigérie,Nigeria,Nigérie,Sub-Saharan Africa,Africa,Afrika
NIC,Nicaragua,Nikaragua,South/Latin America,Jižní Amerika,South/Latin America (others),Jižní a Střední Amerika (ostatní),South/Latin America (others),Jižní a Střední Amerika (ostatní),Latin America & Caribbean,South and Latin America,Jižní a Střední Amerika
NIU,Niue,Niue,Asia & Pacific (except China and India),Asie a Oceánie (mimo Čínu a Indii),Asia B,Asie B,Asia (others),Asie (ostatní),,Asia,Asie
NLD,Netherlands,Nizozemsko,European Union,Evropská unie,Europe B,Evropa B,Europe (others),Evropa (ostatní),Europe & Central Asia,Europe,Evropa
NOR,Norway,Norsko,Europe (except EU and Russia),Evropa (mimo EU a Rusko),Europe A,Evropa A,Europe (others),Evropa (ostatní),Europe & Central Asia,Europe,Evropa
NPL,Nepal,Nepál,Asia & Pacific (except China and India),Asie a Oceánie (mimo Čínu a Indii),Asia B,Asie B,Asia (others),Asie (ostatní),South Asia,Asia,Asie
NRU,Nauru,Nauru,Asia & Pacific (except China and India),Asie a Oceánie (mimo Čínu a Indii),Asia B,Asie B,Asia (others),Asie (ostatní),East Asia & Pacific,Asia,Asie
NZL,New Zealand,Nový Zéland,Australia and New Zealand,Austrálie a Nový Zéland,Australia and New Zealand,Austrálie a Nový Zéland,Australia and New Zealand,Austrálie a Nový Zéland,East Asia & Pacific,Australia and New Zealand,Austrálie a Nový Zéland
OMN,Oman,Omán,Asia & Pacific (except China and India),Asie a Oceánie (mimo Čínu a Indii),Middle East A,Blízký východ A,Middle East,Blízký východ,Middle East & North Africa,Asia,Asie
PAK,Pakistan,Pákistán,Asia & Pacific (except China and India),Asie a Oceánie (mimo Čínu a Indii),Asia B,Asie B,Asia (others),Asie (ostatní),South Asia,Asia,Asie
PAN,Panama,Panama,South/Latin America,Jižní Amerika,South/Latin America (others),Jižní a Střední Amerika (ostatní),South/Latin America (others),Jižní a Střední Amerika (ostatní),Latin America & Caribbean,South and Latin America,Jižní a Střední Amerika
PCN,Pitcairn,Pitcairn,Asia & Pacific (except China and India),Asie a Oceánie (mimo Čínu a Indii),Asia B,Asie B,Asia (others),Asie (ostatní),,Asia,Asie
PER,Peru,Peru,South/Latin America,Jižní Amerika,South/Latin America (others),Jižní a Střední Amerika (ostatní),South/Latin America (others),Jižní a Střední Amerika (ostatní),Latin America & Caribbean,South and Latin America,Jižní a Střední Amerika
PHL,Philippines,Filipíny,Asia & Pacific (except China and India),Asie a Oceánie (mimo Čínu a Indii),Asia B,Asie B,Asia (others),Asie (ostatní),East Asia & Pacific,Asia,Asie
PLW,Palau,Palau,Asia & Pacific (except China and India),Asie a Oceánie (mimo Čínu a Indii),Asia A,Asie A,Asia (others),Asie (ostatní),East Asia & Pacific,Asia,Asie
PNG,Papua New Guinea,Papua Nová Guinea,Asia & Pacific (except China and India),Asie a Oceánie (mimo Čínu a Indii),Asia B,Asie B,Asia (others),Asie (ostatní),East Asia & Pacific,Asia,Asie
POL,Poland,Polsko,European Union,Evropská unie,Poland,Polsko,Poland,Polsko,Europe & Central Asia,Europe,Evropa
PRI,Puerto Rico,Portoriko,South/Latin America,Jižní Amerika,South/Latin America (others),Jižní a Střední Amerika (ostatní),South/Latin America (others),Jižní a Střední Amerika (ostatní),Latin America & Caribbean,South and Latin America,Jižní a Střední Amerika
PRK,"Korea, Democratic People's Republic of",Korejská lidově demokratická republika,Asia & Pacific (except China and India),Asie a Oceánie (mimo Čínu a Indii),Asia B,Asie B,Asia (others),Asie (ostatní),East Asia & Pacific,Asia,Asie
PRT,Portugal,Portugalsko,European Union,Evropská unie,Europe B,Evropa B,Europe (others),Evropa (ostatní),Europe & Central Asia,Europe,Evropa
PRY,Paraguay,Paraguay,South/Latin America,Jižní Amerika,South/Latin America (others),Jižní a Střední Amerika (ostatní),South/Latin America (others),Jižní a Střední Amerika (ostatní),Latin America & Caribbean,South and Latin America,Jižní a Střední Amerika
PSE,"Palestine, State of",Palestina,Asia & Pacific (except China and India),Asie a Oceánie (mimo Čínu a Indii),Middle East B,Blízký východ B,Middle East,Blízký východ,Middle East & North Africa,Asia,Asie
PYF,French Polynesia,Francouzská Polynésie,Asia & Pacific (except China and India),Asie a Oceánie (mimo Čínu a Indii),Asia B,Asie B,Asia (others),Asie (ostatní),East Asia & Pacific,Asia,Asie
QAT,Qatar,Katar,Asia & Pacific (except China and India),Asie a Oceánie (mimo Čínu a Indii),Middle East A,Blízký východ A,Middle East,Blízký východ,Middle East & North Africa,Asia,Asie
REU,Réunion,Réunion,Asia & Pacific (except China and India),Asie a Oceánie (mimo Čínu a Indii),Asia B,Asie B,Asia (others),Asie (ostatní),,Asia,Asie
ROU,Romania,Rumunsko,European Union,Evropská unie,Europe B,Evropa B,Europe (others),Evropa (ostatní),Europe & Central Asia,Europe,Evropa
RUS,Russian Federation,Rusko,Russia,Rusko,Russia,Rusko,Russia,Rusko,Europe & Central Asia,Russia,Rusko
RWA,Rwanda,Rwanda,Africa,Afrika,Africa (others),Afrika (ostatní),Africa (others),Afrika (ostatní),Sub-Saharan Africa,Africa,Afrika
SAU,Saudi Arabia,Saúdská Arábie,Asia & Pacific (except China and India),Asie a Oceánie (mimo Čínu a Indii),Saudi Arabia,Saúdská Arábie,Saudi Arabia,Saúdská Arábie,Middle East & North Africa,Asia,Asie
SDN,Sudan,Súdán,Africa,Afrika,Africa (others),Afrika (ostatní),Africa (others),Afrika (ostatní),Sub-Saharan Africa,Africa,Afrika
SEN,Senegal,Senegal,Africa,Afrika,Africa (others),Afrika (ostatní),Africa (others),Afrika (ostatní),Sub-Saharan Africa,Africa,Afrika
SGP,Singapore,Singapur,Asia & Pacific (except China and India),Asie a Oceánie (mimo Čínu a Indii),Asia A,Asie A,Asia (others),Asie (ostatní),East Asia & Pacific,Asia,Asie
SGS,South Georgia and the South Sandwich Islands,Jižní Georgie a Jižní Sandwichovy ostrovy,South/Latin America,Jižní Amerika,South/Latin America (others),Jižní a Střední Amerika (ostatní),South/Latin America (others),Jižní a Střední Amerika (ostatní),,South and Latin America,Jižní a Střední Amerika
SHN,"Saint Helena, Ascension and Tristan da Cunha",Svatá Helena,Africa,Afrika,Africa (others),Afrika (ostatní),Africa (others),Afrika (ostatní),,Africa,Afrika
SJM,Svalbard and Jan Mayen,Špicberky a Jan Mayen,Europe (except EU and Russia),Evropa (mimo EU a Rusko),Europe B,Evropa B,Europe (others),Evropa (ostatní),,Europe,Evropa
SLB,Solomon Islands,Šalomounovy ostrovy,Asia & Pacific (except China and India),Asie a Oceánie (mimo Čínu a Indii),Asia B,Asie B,Asia (others),Asie (ostatní),East Asia & Pacific,Asia,Asie
SLE,Sierra Leone,Sierra Leone,Africa,Afrika,Africa (others),Afrika (ostatní),Africa (others),Afrika (ostatní),Sub-Saharan Africa,Africa,Afrika
SLV,El Salvador,Salvador,South/Latin America,Jižní Amerika,South/Latin America (others),Jižní a Střední Amerika (ostatní),South/Latin America (others),Jižní a Střední Amerika (ostatní),Latin America & Caribbean,South and Latin America,Jižní a Střední Amerika
SMR,San Marino,San Marino,Europe (except EU and Russia),Evropa (mimo EU a Rusko),Europe B,Evropa B,Europe (others),Evropa (ostatní),Europe & Central Asia,Europe,Evropa
SOM,Somalia,Somálsko,Africa,Afrika,Africa (others),Afrika (ostatní),Africa (others),Afrika (ostatní),Sub-Saharan Africa,Africa,Afrika
SPM,Saint Pierre and Miquelon,Saint Pierre a Miquelon,North America (except US),Severní Amerika (mimo USA),,,,,,,
SRB,Serbia,Srbsko,Europe (except EU and Russia),Evropa (mimo EU a Rusko),Europe B,Evropa B,Europe (others),Evropa (ostatní),Europe & Central Asia,Europe,Evropa
SSD,South Sudan,Jižní Súdán,Africa,Afrika,Africa (others),Afrika (ostatní),Africa (others),Afrika (ostatní),Sub-Saharan Africa,Africa,Afrika
STP,Sao Tome and Principe,Svatý Tomáš a Princův ostrov,Africa,Afrika,Africa (others),Afrika (ostatní),Africa (others),Afrika (ostatní),Sub-Saharan Africa,Africa,Afrika
SUR,Suriname,Surinam,South/Latin America,Jižní Amerika,South/Latin America (others),Jižní a Střední Amerika (ostatní),South/Latin America (others),Jižní a Střední Amerika (ostatní),Latin America & Caribbean,South and Latin America,Jižní a Střední Amerika
SVK,Slovakia,Slovensko,European Union,Evropská unie,Europe B,Evropa B,Europe (others),Evropa (ostatní),Europe & Central Asia,Europe,Evropa
SVN,Slovenia,Slovinsko,European Union,Evropská unie,Europe B,Evropa B,Europe (others),Evropa (ostatní),Europe & Central Asia,Europe,Evropa
SWE,Sweden,Švédsko,European Union,Evropská unie,Europe B,Evropa B,Europe (others),Evropa (ostatní),Europe & Central Asia,Europe,Evropa
SWZ,Eswatini,Svazijsko,Africa,Afrika,Africa (others),Afrika (ostatní),Africa (others),Afrika (ostatní),Sub-Saharan Africa,Africa,Afrika
SXM,Sint Maarten (Dutch part),Svatý Martin (NL),South/Latin America,Jižní Amerika,South/Latin America (others),Jižní a Střední Amerika (ostatní),South/Latin America (others),Jižní a Střední Amerika (ostatní),Latin America & Caribbean,South and Latin America,Jižní a Střední Amerika
SYC,Seychelles,Seychely,Africa,Afrika,Africa (others),Afrika (ostatní),Africa (others),Afrika (ostatní),Sub-Saharan Africa,Africa,Afrika
SYR,Syrian Arab Republic,Sýrie,Asia & Pacific (except China and India),Asie a Oceánie (mimo Čínu a Indii),Middle East B,Blízký východ B,Middle East,Blízký východ,Middle East & North Africa,Asia,Asie
TCA,Turks and Caicos Islands,Turks a Caicos,South/Latin America,Jižní Amerika,South/Latin America (others),Jižní a Střední Amerika (ostatní),South/Latin America (others),Jižní a Střední Amerika (ostatní),Latin America & Caribbean,South and Latin America,Jižní a Střední Amerika
TCD,Chad,Čad,Africa,Afrika,Africa (others),Afrika (ostatní),Africa (others),Afrika (ostatní),Sub-Saharan Africa,Africa,Afrika
TGO,Togo,Togo,Africa,Afrika,Africa (others),Afrika (ostatní),Africa (others),Afrika (ostatní),Sub-Saharan Africa,Africa,Afrika
THA,Thailand,Thajsko,Asia & Pacific (except China and India),Asie a Oceánie (mimo Čínu a Indii),Thailand,Thajsko,Thailand,Thajsko,East Asia & Pacific,Asia,Asie
TJK,Tajikistan,Tádžikistán,Asia & Pacific (except China and India),Asie a Oceánie (mimo Čínu a Indii),Asia B,Asie B,Asia (others),Asie (ostatní),Europe & Central Asia,Asia,Asie
TKL,Tokelau,Tokelau,Asia & Pacific (except China and India),Asie a Oceánie (mimo Čínu a Indii),Asia B,Asie B,Asia (others),Asie (ostatní),,Asia,Asie
TKM,Turkmenistan,Turkmenistán,Asia & Pacific (except China and India),Asie a Oceánie (mimo Čínu a Indii),Kazakhstan and Turkmenistan,Kazachstán a Turkmenistán,Kazakhstan and Turkmenistan,Kazachstán a Turkmenistán,Europe & Central Asia,Asia,Asie
TLS,Timor-Leste,Východní Timor,Asia & Pacific (except China and India),Asie a Oceánie (mimo Čínu a Indii),Asia B,Asie B,Asia (others),Asie (ostatní),East Asia & Pacific,Asia,Asie
TON,Tonga,Tonga,Asia & Pacific (except China and India),Asie a Oceánie (mimo Čínu a Indii),Asia B,Asie B,Asia (others),Asie (ostatní),East Asia & Pacific,Asia,Asie
TTO,Trinidad and Tobago,Trinidad a Tobago,South/Latin America,Jižní Amerika,South/Latin America (others),Jižní a Střední Amerika (ostatní),South/Latin America (others),Jižní a Střední Amerika (ostatní),Latin America & Caribbean,South and Latin America,Jižní a Střední Amerika
TUN,Tunisia,Tunisko,Africa,Afrika,Africa (others),Afrika (ostatní),Africa (others),Afrika (ostatní),Middle East & North Africa,Africa,Afrika
TUR,Turkey,Turecko,Europe (except EU and Russia),Evropa (mimo EU a Rusko),Turkey,Turecko,Turkey,Turecko,Europe & Central Asia,Asia,Asie
TUV,Tuvalu,Tuvalu,Asia & Pacific (except China and India),Asie a Oceánie (mimo Čínu a Indii),Asia B,Asie B,Asia (others),Asie (ostatní),East Asia & Pacific,Asia,Asie
TWN,"Taiwan, Province of China",Tchaj-wan,Asia & Pacific (except China and India),Asie a Oceánie (mimo Čínu a Indii),Asia B,Asie B,Asia (others),Asie (ostatní),East Asia & Pacific,Asia,Asie
TZA,"Tanzania, United Republic of",Tanzanie,Africa,Afrika,Africa (others),Afrika (ostatní),Africa (others),Afrika (ostatní),Sub-Saharan Africa,Africa,Afrika
UGA,Uganda,Uganda,Africa,Afrika,Africa (others),Afrika (ostatní),Africa (others),Afrika (ostatní),Sub-Saharan Africa,Africa,Afrika
UKR,Ukraine,Ukrajina,Europe (except EU and Russia),Evropa (mimo EU a Rusko),Ukraine,Ukrajina,Ukraine,Ukrajina,Europe & Central Asia,Europe,Evropa
UMI,United States Minor Outlying Islands,Menší odlehlé ostrovy USA,Asia & Pacific (except China and India),Asie a Oceánie (mimo Čínu a Indii),Asia B,Asie B,Asia (others),Asie (ostatní),,Asia,Asie
URY,Uruguay,Uruguay,South/Latin America,Jižní Amerika,South/Latin America (others),Jižní a Střední Amerika (ostatní),South/Latin America (others),Jižní a Střední Amerika (ostatní),Latin America & Caribbean,South and Latin America,Jižní a Střední Amerika
USA,United States of America,Spojené státy,United States,Spojené státy americké,United States,Spojené státy americké,United States,Spojené státy americké,North America,North America,Severní Amerika
UZB,Uzbekistan,Uzbekistán,Asia & Pacific (except China and India),Asie a Oceánie (mimo Čínu a Indii),Asia B,Asie B,Asia (others),Asie (ostatní),Europe & Central Asia,Asia,Asie
VAT,Holy See,Vatikán,Europe (except EU and Russia),Evropa (mimo EU a Rusko),Europe B,Evropa B,Europe (others),Evropa (ostatní),,Europe,Evropa
VCT,Saint Vincent and the Grenadines,Svatý Vincenc a Grenadiny,South/Latin America,Jižní Amerika,South/Latin America (others),Jižní a Střední Amerika (ostatní),South/Latin America (others),Jižní a Střední Amerika (ostatní),Latin America & Caribbean,South and Latin America,Jižní a Střední Amerika
VEN,"Venezuela, Bolivarian Republic of",Venezuela,South/Latin America,Jižní Amerika,South/Latin America (others),Jižní a Střední Amerika (ostatní),South/Latin America (others),Jižní a Střední Amerika (ostatní),Latin America & Caribbean,South and Latin America,Jižní a Střední Amerika
VGB,"Virgin Islands, British",Britské Panenské ostrovy,South/Latin America,Jižní Amerika,South/Latin America (others),Jižní a Střední Amerika (ostatní),South/Latin America (others),Jižní a Střední Amerika (ostatní),Latin America & Caribbean,South and Latin America,Jižní a Střední Amerika
VIR,"Virgin Islands, U.S.",Americké Panenské ostrovy,South/Latin America,Jižní Amerika,South/Latin America (others),Jižní a Střední Amerika (ostatní),South/Latin America (others),Jižní a Střední Amerika (ostatní),Latin America & Caribbean,South and Latin America,Jižní a Střední Amerika
VNM,Viet Nam,Vietnam,Asia & Pacific (except China and India),Asie a Oceánie (mimo Čínu a Indii),Asia B,Asie B,Asia (others),Asie (ostatní),East Asia & Pacific,Asia,Asie
VUT,Vanuatu,Vanuatu,Asia & Pacific (except China and India),Asie a Oceánie (mimo Čínu a Indii),Asia B,Asie B,Asia (others),Asie (ostatní),East Asia & Pacific,Asia,Asie
WLF,Wallis and Futuna,Wallis a Futuna,Asia & Pacific (except China and India),Asie a Oceánie (mimo Čínu a Indii),Asia B,Asie B,Asia (others),Asie (ostatní),,Asia,Asie
WSM,Samoa,Samoa,Asia & Pacific (except China and India),Asie a Oceánie (mimo Čínu a Indii),Asia B,Asie B,Asia (others),Asie (ostatní),East Asia & Pacific,Asia,Asie
XXK,Kosovo,Kosovo,,,,,,,,,
YEM,Yemen,Jemen,Asia & Pacific (except China and India),Asie a Oceánie (mimo Čínu a Indii),Middle East B,Blízký východ B,Middle East,Blízký východ,Middle East & North Africa,Asia,Asie
ZAF,South Africa,Jižní Afrika,Africa,Afrika,South Africa,Jihoafrická republika,South Africa,Jihoafrická republika,Sub-Saharan Africa,Africa,Afrika
ZMB,Zambia,Zambie,Africa,Afrika,Africa (others),Afrika (ostatní),Africa (others),Afrika (ostatní),Sub-Saharan Africa,Africa,Afrika
ZWE,Zimbabwe,Zimbabwe,Africa,Afrika,Africa (others),Afrika (ostatní),Africa (others),Afrika (ostatní),Sub-Saharan Africa,Africa,Afrika
